71,Tb927.5.4460
72,Tb927.5.4480
73,Tb927.5.4500
74,Tb927.5.4360
75,Tb927.5.4560
76,Tb927.5.4580
77,Tb927.5.4380
78,Tb927.5.4390
80,Tb927.5.4420
81,Tb06.3A7.960
82,Tb927.7.2140
83,Tb08.27P2.160
84,Tb927.9.15660
85,Tb927.9.15680
86,Tb09.v4.0067
87,Tb09.v4.0150
88,Tb09.v4.0154
90,Tb927.10.4430
91,Tb927.10.4440
92,Tb927.10.4450
93,Tb927.10.4310
94,Tb10.v4.0052
95,Tb10.v4.0217
96,Tb927.11.7213
97,Tb11.02.5420b
98,Tb927.6.4980
99,Tb927.11.7690
100,Tb927.11.7650
101,Tb927.11.715
102,Tb927.4.1100
103,Tb11.v5.0296
105,Tb11.1420
106,Tb927.11.1840
107,Tb927.11.1810
108,Tb11.1790.1-p1
109,Tb927.7.4690
110,Tb927.7.4700
111,Tb11.v5.0159
112,Tb927.7.4770
113,Tb927.7.4810
114,Tb927.7.4860
115,Tb927.7.4890
116,Tb927.7.4900
117,Tb927.7.4970
118,Tb927.7.4980
119,Tb927.7.5020
120,Tb927.10.5930
121,Tb11.v5.0191
122,Tb927.10.6030
123,Tb927.10.6060
124,Tb927.5.291b
125,Tb927.5.295b
126,Tb927.5.309b
127,Tb927.5.410
128,Tb927.5.390
129,Tb927.5.370
130,Tb927.5.360
131,Tb11.v5.0232
132,Tb11.v5.0242
133,Tb927.10.5340
134,Tb927.11.7300
135,Tb927.7.4480
136,Tb927.7.4500
137,Tb927.7.4550
138,Tb927.7.4570
139,Tb927.10.6310
140,Tb927.11.12750
141,Tb11.v5.0304
142,Tb927.10.15950
143,Tb927.10.8480
144,Tb11.v5.0325
145,Tb11.v5.0333
146,Tb11.v5.0348
147,Tb927.1.1240
148,Tb11.v5.0365
149,Tb927.10.510
150,Tb11.v5.0394
151,Tb927.10.16150
152,Tb11.v5.0399
153,Tb927.10.15910
154,Tb927.10.540
155,Tb927.10.14490
156,Tb927.10.15850
157,Tb11.v5.0429
158,Tb927.10.15390
159,Tb927.11.3650
160,Tb11.v5.0546
161,Tb927.1.1560
162,Tb927.10.15650
163,Tb927.1.2390
164,Tb927.11.2720
165,Tb11.v5.0489
166,Tb927.10.660
167,Tb927.10.3940
168,Tb11.v5.0515
169,Tb927.10.6880
170,Tb927.10.16110
171,Tb927.10.5620
172,Tb11.v5.0537
173,Tb927.8.5010
174,Tb11.v5.0540
175,Tb927.10.10970
176,Tb11.v5.0552
177,Tb11.v5.0553
178,Tb927.10.350
179,Tb927.11.4610
180,Tb927.7.2570
181,Tb927.7.7070
182,Tb11.v5.0621
183,Tb11.v5.0624
184,Tb927.10.2890
185,Tb927.2.830
186,Tb11.v5.0660
187,Tb927.10.8230
188,Tb927.10.2770
189,Tb11.v5.0713
190,Tb11.v5.0726
191,Tb11.v5.0731
192,Tb927.3.3790
193,Tb11.v5.0752
194,Tb11.v5.0753
195,Tb11.v5.0782
197,Tb11.v5.0807
198,Tb11.v5.0826
199,Tb11.v5.0827
200,Tb927.9.6320
201,Tb927.8.4130
202,Tb11.v5.0871
203,Tb927.4.5300
204,Tb927.11.14600
205,Tb11.v5.1027
206,Tb927.11.11330
207,Tb11.v5.1042
208,Tb927.10.2110
209,Tb927.3.4330
210,Tb927.11.3600
211,Tb927.10.14740
212,Tb427.BES40.22
213,Tb927.1.1060
214,Tb927.1.1100
215,Tb927.1.120
216,Tb927.1.1420
217,Tb927.1.1500
218,Tb927.1.1580
219,Tb927.1.1670
220,Tb927.1.1720
221,Tb927.1.1730
222,Tb927.1.180
223,Tb927.1.1980
224,Tb927.1.2100
225,Tb927.1.2120
226,Tb927.1.2190
227,Tb927.1.2230
228,Tb927.1.2260
229,Tb927.1.2400
230,Tb927.1.2550
231,Tb927.1.2570
232,Tb927.1.2640
233,Tb927.1.2730
234,Tb927.1.2990
235,Tb927.1.3000
236,Tb927.1.3010
237,Tb927.1.3050
238,Tb927.1.3070
239,Tb927.1.3110
240,Tb927.1.3180
241,Tb927.1.3200
242,Tb927.1.3310
243,Tb927.1.3800
244,Tb927.1.3830
245,Tb927.1.3880
246,Tb927.1.3910
247,Tb927.1.3950
248,Tb927.1.4050
249,Tb927.1.4250
250,Tb927.1.4410
251,Tb927.1.4490
252,Tb927.1.4520
253,Tb927.1.4680
254,Tb927.1.480
255,Tb927.1.4830
256,Tb927.1.5000
257,Tb927.1.5100
258,Tb927.1.5170
259,Tb927.1.560
260,Tb927.1.630
261,Tb927.1.700
262,Tb927.1.710
264,Tb927.1.740
265,Tb927.1.840
266,Tb927.1.90
267,Tb927.1.990
268,Tb927.10.10010
269,Tb927.10.10140
270,Tb927.10.10170
271,Tb927.10.10280
272,Tb927.10.10320
273,Tb927.10.10390
274,Tb927.10.1040
275,Tb927.10.10420
276,Tb927.10.10590
277,Tb927.10.1050
278,Tb927.10.1060
279,Tb927.10.10620
280,Tb927.10.1070
281,Tb927.10.10720
282,Tb927.10.10780
283,Tb927.10.10800
284,Tb927.10.10830
285,Tb927.10.10840
286,Tb927.10.10850
287,Tb927.6.4690
288,Tb927.10.11030
289,Tb927.10.11080
290,Tb927.10.11140
291,Tb927.10.11150
292,Tb927.10.1120
293,Tb927.10.11220
294,Tb927.10.11230
295,Tb927.10.11250
296,Tb927.10.11300
297,Tb927.10.11330
298,Tb927.10.11340
299,Tb927.10.11390
300,Tb927.10.11500
301,Tb927.10.11520
302,Tb927.9.6070
303,Tb927.10.11570
304,Tb927.10.11590
305,Tb927.10.11660
306,Tb927.10.11680
307,Tb927.10.11720
308,Tb927.10.11760
309,Tb927.10.11890
310,Tb927.10.11900
311,Tb927.10.11910
312,Tb927.10.11920
313,Tb927.10.11930
314,Tb927.10.11960
315,Tb927.10.12000
316,Tb927.10.12010
317,Tb927.10.12030
318,Tb927.10.12090
319,Tb927.10.1210
320,Tb927.10.12100
321,Tb927.10.12130
322,Tb927.10.12190
323,Tb927.10.12290
324,Tb927.10.12330
325,Tb927.10.12390
326,Tb927.10.12410
327,Tb927.10.12420
328,Tb927.10.12460
329,Tb927.10.12500
330,Tb927.10.12510
331,Tb927.10.12620
332,Tb927.10.12630
333,Tb927.10.12660
334,Tb927.11.9730
335,Tb927.10.12700
336,Tb927.10.12710
338,Tb927.10.12840
339,Tb927.10.12890
340,Tb927.10.12940
341,Tb927.10.12960
342,Tb927.10.12970
343,Tb927.10.12990
344,Tb927.10.13180
345,Tb927.10.13230
346,Tb927.10.13250
347,Tb927.10.13290
348,Tb927.10.13360
349,Tb927.11.9710
350,Tb927.10.13510
351,Tb927.10.13517
352,Tb927.10.13540
353,Tb927.10.13550
354,Tb927.10.13610
355,Tb927.10.13630
356,Tb927.10.13670
357,Tb927.10.13720
358,Tb927.10.13750
359,Tb927.10.13800
360,Tb927.10.13830
361,Tb927.10.13840
362,Tb927.10.13900
363,Tb927.10.13930
364,Tb927.10.1470
365,Tb927.10.14000
366,Tb927.10.14010
367,Tb927.10.14030
368,Tb927.10.14040
369,Tb927.10.14090
370,Tb927.10.14130
371,Tb927.10.14140
372,Tb927.10.14150
373,Tb927.10.14160
374,Tb927.10.14170
375,Tb927.10.14180
376,Tb927.10.14190
377,Tb927.10.14200
378,Tb927.10.14240
379,Tb927.10.1430
380,Tb927.10.14300
381,Tb927.10.14310
382,Tb927.10.14320
383,Tb927.10.14360
384,Tb927.10.14370
385,Tb927.10.14380
386,Tb927.10.14390
387,Tb927.10.1450
388,Tb927.10.14500
389,Tb927.10.14510
390,Tb927.10.14550
391,Tb927.11.4820
392,Tb927.10.14590
393,Tb927.10.14710
394,Tb927.10.14680
395,Tb927.10.14690
396,Tb927.10.14700
397,Tb927.10.14730
398,Tb927.10.14750
399,Tb927.10.14760
400,Tb927.10.14770
401,Tb927.10.14840
402,Tb927.10.1490
403,Tb927.10.14910
404,Tb927.10.14930
405,Tb927.10.14950
406,Tb927.10.15010
407,Tb927.10.1510
408,Tb927.2.5910
409,Tb927.10.15180
410,Tb927.10.1520
411,Tb927.10.15210
412,Tb927.10.15220
413,Tb927.10.15290
414,Tb927.10.15310
415,Tb927.10.15320
416,Tb927.10.15360
417,Tb927.10.1540
418,Tb927.10.15410
419,Tb927.10.15490
420,Tb927.10.1550
421,Tb927.10.15500
422,Tb927.10.15520
423,Tb927.10.15530
424,Tb927.10.1560
425,Tb927.10.15640
426,Tb927.10.15710
427,Tb927.10.15760
428,Tb927.10.1580
429,Tb927.10.15870
430,Tb927.9.15210
431,Tb927.10.1600
432,Tb927.10.16100
433,Tb927.10.16120
434,Tb927.11.17040
435,Tb927.10.1660
436,Tb927.10.170
437,Tb927.10.180
438,Tb927.10.1810
439,Tb927.10.1830
440,Tb927.10.1910
441,Tb927.10.1930
442,Tb927.10.1980
443,Tb927.10.1990
444,Tb927.10.200
445,Tb927.10.2010
446,Tb927.10.2050
447,Tb927.10.2080
448,Tb927.10.6370
449,Tb927.10.2240
450,Tb927.10.2260
451,Tb927.10.2290
452,Tb927.10.230
453,Tb927.10.2300
454,Tb927.10.2310
455,Tb927.10.2320
456,Tb927.10.2340
457,Tb927.10.2350
458,Tb927.10.2370
459,Tb927.10.2380
460,Tb927.10.240
461,Tb927.10.2440
462,Tb927.10.2490
463,Tb927.10.2520
464,Tb927.10.2560
465,Tb927.10.2610
466,Tb927.10.2690
467,Tb927.9.15420
468,Tb927.10.2700
469,Tb927.10.2730
470,Tb927.3.1370
471,Tb927.10.2880
472,Tb927.10.290
473,Tb927.10.2930
474,Tb927.10.2940
475,Tb927.10.3030
476,Tb927.10.2990
477,Tb927.10.3040
478,Tb927.10.3090
479,Tb927.10.3170
480,Tb927.10.3200
481,Tb927.10.3210
482,Tb927.10.3230
483,Tb927.10.3260
484,Tb927.10.3270
485,Tb927.10.3280
486,Tb927.10.3330
487,Tb927.10.3350
488,Tb927.10.3380
489,Tb927.10.3470
490,Tb927.10.3520
491,Tb927.10.3540
492,Tb927.10.3560
493,Tb927.10.3580
494,Tb927.10.3660
495,Tb927.10.3700
496,Tb927.10.3750
497,Tb927.10.3760
498,Tb927.11.14130
499,Tb927.10.3860
500,Tb927.10.390
501,Tb927.10.3990
502,Tb927.10.4000
503,Tb927.10.4040
504,Tb927.10.4120
505,Tb927.10.4130
506,Tb927.10.4180
507,Tb927.10.4200
508,Tb927.10.4220
509,Tb927.10.4260
510,Tb927.10.4270
511,Tb927.10.430
512,Tb927.10.450
513,Tb927.10.4570
514,Tb927.10.4590
515,Tb927.10.4610
516,Tb927.10.4700
517,Tb927.10.4740
518,Tb927.10.4770
519,Tb927.10.4780
520,Tb927.10.4860
521,Tb927.10.4890
522,Tb927.10.4930
523,Tb927.10.4950
524,Tb927.10.4980
525,Tb927.10.5010
526,Tb927.10.5020
527,Tb927.10.5030
528,Tb927.10.5050
529,Tb927.10.520
530,Tb927.10.5230
531,Tb927.10.5370
532,Tb927.10.5480
533,Tb927.10.5470
534,Tb927.10.5520
535,Tb927.10.5540
536,Tb927.10.560
537,Tb927.8.1110
538,Tb927.10.5660
539,Tb927.10.5680
540,Tb927.10.5690
541,Tb927.10.5770
542,Tb927.10.5780
543,Tb927.10.5810
544,Tb927.10.5820
545,Tb927.10.5830
546,Tb927.10.5840
547,Tb927.10.5870
548,Tb927.10.6020
549,Tb927.10.6050
550,Tb927.10.6070
551,Tb927.10.6180
552,Tb927.10.6220
553,Tb927.10.6360
554,Tb927.10.640
555,Tb927.10.6510
556,Tb927.10.6490
557,Tb927.10.6610
558,Tb927.10.6640
559,Tb927.10.6650
560,Tb927.10.6730
562,Tb927.10.6750
563,Tb927.10.6780
564,Tb927.10.6800
565,Tb927.10.6970
566,Tb927.10.7020
567,Tb927.10.7070
568,Tb927.10.7090
569,Tb927.10.7140
570,Tb927.10.7280
571,Tb927.10.730
572,Tb927.10.7300
573,Tb927.10.7310
574,Tb927.10.7360
575,Tb927.10.7410
576,Tb927.10.7470
577,Tb927.10.7480
578,Tb927.10.7500
579,Tb927.10.7570
580,Tb927.10.7620
581,Tb927.10.7670
582,Tb927.10.7680
583,Tb927.10.7700
584,Tb927.10.7740
585,Tb927.10.7810
586,Tb927.10.790
587,Tb927.10.7900
588,Tb927.10.7910
589,Tb927.10.7925
590,Tb927.10.7970
591,Tb927.10.7990
592,Tb927.10.8020
593,Tb927.10.8030
594,Tb927.10.8060
595,Tb927.10.8110
596,Tb927.10.8190
597,Tb927.10.820
598,Tb927.10.8200
599,Tb927.10.8290
600,Tb927.10.8430
601,Tb927.10.8540
602,Tb927.10.8630
603,Tb927.10.8710
604,Tb927.10.880
605,Tb927.10.8830
606,Tb927.10.8880
607,Tb927.10.8940
608,Tb927.10.8950
609,Tb927.10.8980
610,Tb927.10.9010
611,Tb927.10.9190
612,Tb927.10.9240
613,Tb927.10.9260
614,Tb927.10.930
615,Tb927.10.9330
616,Tb927.10.9360
617,Tb927.10.9400
618,Tb927.10.9430
619,Tb927.10.9440
620,Tb927.10.9445
621,Tb927.10.9450
622,Tb927.10.9560
623,Tb927.10.9570
624,Tb927.10.9770
625,Tb927.11.10160
626,Tb927.10.9820
627,Tb927.10.9830
628,Tb927.10.9840
629,Tb927.10.9850
630,Tb927.10.9870
631,Tb927.11.4300
632,Tb927.10.9890
633,Tb927.10.9900
634,Tb927.10.9910
635,Tb927.10.9920
636,Tb927.10.9980
637,Tb927.11.10010
638,Tb927.11.10030
639,Tb927.11.10040
640,Tb927.11.10070
641,Tb927.11.1010
642,Tb927.11.10130
643,Tb927.11.10180
644,Tb927.11.1020
645,Tb927.11.10230
646,Tb927.11.10240
647,Tb927.11.10270
648,Tb927.11.10330
649,Tb927.11.10370
650,Tb927.11.10420
651,Tb927.11.10510
652,Tb927.11.10620
653,Tb927.11.10650
654,Tb927.11.10690
655,Tb927.11.1070
656,Tb927.11.10740
657,Tb927.11.10760
658,Tb927.11.10780
659,Tb927.11.10910
660,Tb927.11.10820
661,Tb927.11.1090
662,Tb927.11.10950
663,Tb927.11.10960
664,Tb927.11.10980
665,Tb927.11.11010
666,Tb927.11.11080
667,Tb927.11.11090
668,Tb927.11.11120
669,Tb927.11.11140
670,Tb927.11.11150
671,Tb927.11.11160
672,Tb927.11.11170
673,Tb927.11.11220
674,Tb927.6.720
675,Tb927.11.11300
676,Tb927.11.11340
677,Tb927.11.11370
678,Tb927.11.11380
679,Tb927.11.11480
680,Tb927.11.11510
681,Tb927.11.11520
682,Tb927.11.11590
683,Tb927.11.11610
684,Tb927.11.11680
685,Tb927.11.11690
686,Tb927.11.11700
687,Tb927.11.11710
688,Tb927.11.11720
689,Tb927.11.11780
690,Tb927.11.11830
691,Tb927.11.11900
692,Tb927.11.11940
693,Tb927.11.11980
694,Tb927.11.12150
695,Tb927.11.12200
696,Tb927.11.12220
697,Tb927.11.12230
698,Tb927.11.12270
699,Tb927.11.12440
700,Tb927.11.12490
701,Tb927.11.12500
702,Tb927.11.12530
703,Tb927.11.12610
704,Tb927.11.12630
705,Tb927.11.1270
706,Tb927.11.12850
707,Tb927.11.12870
708,Tb927.11.1290
709,Tb927.11.12950
710,Tb927.11.12960
711,Tb927.11.13000
712,Tb927.11.13010
713,Tb927.11.13050
714,Tb927.11.13080
715,Tb927.11.13190
716,Tb927.11.13130
717,Tb927.11.13180
718,Tb927.11.13230
719,Tb927.11.13250
720,Tb927.11.13280
721,Tb927.11.13290
722,Tb927.11.13300
723,Tb927.11.13340
724,Tb927.11.13360
725,Tb927.11.13470
726,Tb927.11.1350
727,Tb927.11.13500
728,Tb927.11.13520
729,Tb927.11.13550
730,Tb927.11.1360
731,Tb927.11.13610
732,Tb927.11.1370
733,Tb927.11.13710
734,Tb927.11.13750
735,Tb927.11.13770
736,Tb927.11.1390
737,Tb927.11.14020
738,Tb927.11.14090
739,Tb927.11.14100
740,Tb927.11.14120
741,Tb927.11.14140
742,Tb927.11.1420
743,Tb927.11.14210
744,Tb927.11.14220
745,Tb927.11.14230
746,Tb927.11.14250
747,Tb927.11.1430
748,Tb927.11.14300
749,Tb927.11.14310
750,Tb927.11.14350
751,Tb927.11.14360
752,Tb927.11.14460
753,Tb927.11.1450
754,Tb927.11.14560
755,Tb927.11.14590
756,Tb927.11.14610
757,Tb927.11.14620
758,Tb927.11.14730
759,Tb927.11.14750
760,Tb927.11.14770
761,Tb927.11.14880
762,Tb927.11.14900
763,Tb927.11.14920
764,Tb927.11.14950
765,Tb927.11.14960
766,Tb927.11.15050
767,Tb927.11.15070
768,Tb927.11.15090
769,Tb927.11.15180
770,Tb927.11.15230
771,Tb927.11.15240
773,Tb927.11.15330
774,Tb927.11.15350
775,Tb927.11.1540
776,Tb927.11.15400
777,Tb927.11.1550
778,Tb927.11.15640
779,Tb927.11.15800
780,Tb927.11.15860
781,Tb927.11.15850
782,Tb927.11.15870
783,Tb927.11.15900
784,Tb927.11.15960
785,Tb927.11.15990
786,Tb927.11.160
787,Tb927.11.16010
788,Tb927.11.16080
789,Tb927.11.16110
790,Tb927.11.16130
791,Tb927.11.1620
792,Tb927.5.1110
793,Tb927.11.16320
794,Tb927.11.16350
795,Tb927.11.16380
796,Tb927.11.16400
797,Tb927.11.16410
798,Tb927.11.16470
799,Tb927.11.16480
800,Tb927.11.16520
801,Tb927.11.16540
802,Tb927.11.16550
803,Tb927.11.16560
804,Tb927.11.16610
805,Tb927.11.16630
806,Tb927.11.16670
807,Tb927.11.16690
808,Tb927.11.16730
809,Tb927.11.16740
810,Tb927.11.16750
811,Tb927.11.16760
812,Tb927.11.16790
813,Tb927.11.16810
814,Tb927.11.16830
815,Tb927.11.16930
816,Tb927.11.16970
817,Tb927.11.16980
818,Tb927.11.1700
819,Tb927.11.17000
820,Tb927.11.1710
821,Tb927.11.1730
822,Tb927.11.1750
823,Tb927.11.17650
824,Tb927.11.1890
825,Tb927.11.190
826,Tb927.11.1900
827,Tb927.11.1910
828,Tb927.11.19470
829,Tb927.11.1980
830,Tb927.11.2030
831,Tb927.11.2060
832,Tb927.11.2070
833,Tb927.11.2110
834,Tb927.11.2130
835,Tb927.11.2190
836,Tb927.11.2230
837,Tb927.11.2250
838,Tb927.11.2260
839,Tb927.11.2330
840,Tb927.11.2340
841,Tb927.11.2360
842,Tb927.11.2370
843,Tb927.11.2400
844,Tb927.11.2490
845,Tb927.11.2500
846,Tb927.11.2530
847,Tb927.11.2610
848,Tb927.11.2650
849,Tb927.11.2670
850,Tb927.11.2690
851,Tb927.11.2750
852,Tb927.11.2760
853,Tb927.11.2810
854,Tb927.11.2860
855,Tb927.11.290
856,Tb927.11.2900
857,Tb927.11.2910
858,Tb927.11.3030
859,Tb927.11.3070
860,Tb927.11.3180
861,Tb927.11.3220
862,Tb927.11.3240
863,Tb927.11.3250
864,Tb927.11.3280
865,Tb927.11.3300
866,Tb927.11.3340
867,Tb927.11.3350
868,Tb927.11.3370
869,Tb927.11.3380
870,Tb927.11.3440
871,Tb927.11.3470
872,Tb927.11.3490
873,Tb927.11.3510
874,Tb927.11.3520
875,Tb927.11.3550
876,Tb927.11.3700
877,Tb927.11.3730
878,Tb927.11.3740
879,Tb927.11.3770
880,Tb927.11.3830
881,Tb927.11.3860
882,Tb927.11.3890
883,Tb927.11.3970
884,Tb927.11.4020
885,Tb927.11.4100
886,Tb927.11.4160
887,Tb927.11.4170
888,Tb927.11.4180
889,Tb927.11.4190
890,Tb927.11.4220
891,Tb927.11.4260
892,Tb927.11.4290
893,Tb927.11.435
894,Tb927.11.4450
895,Tb927.11.4460
896,Tb927.11.4540
897,Tb927.11.4570
898,Tb927.11.4650
899,Tb927.11.4810
900,Tb927.11.4860
901,Tb927.11.4880
902,Tb927.11.4900
903,Tb927.11.4910
904,Tb927.11.4920
905,Tb927.11.5000
906,Tb927.11.5030
907,Tb927.11.5040
908,Tb927.11.5050
909,Tb927.11.5060
910,Tb927.11.5080
911,Tb927.11.510
912,Tb927.11.5190
913,Tb927.11.5230
914,Tb927.11.5290
915,Tb927.11.530
916,Tb927.11.5300
917,Tb927.11.5365
918,Tb927.11.5390
919,Tb927.11.540
920,Tb927.11.5420
921,Tb927.11.5440
922,Tb927.11.5450
923,Tb927.11.550
924,Tb927.11.5510
925,Tb927.11.5520
926,Tb927.11.5550
927,Tb927.11.5600
928,Tb927.11.5650
929,Tb927.11.5680
930,Tb927.11.570
931,Tb927.11.5700
932,Tb927.11.5710
933,Tb927.11.5800
934,Tb927.11.5820
935,Tb927.11.5840
936,Tb927.11.5850
937,Tb927.11.5860
938,Tb927.11.5890
939,Tb927.11.5960
940,Tb927.11.6040
941,Tb927.11.6080
942,Tb927.11.6100
943,Tb927.11.6130
944,Tb927.3.4360
945,Tb927.11.6160
946,Tb927.11.6170
947,Tb927.11.6200
948,Tb927.11.6230
949,Tb927.11.6250
950,Tb927.11.6260
951,Tb927.11.6270
952,Tb927.11.6300
953,Tb927.11.6370
954,Tb927.11.6440
955,Tb927.11.6450
956,Tb927.11.6470
957,Tb927.11.6540
958,Tb927.11.6590
959,Tb927.11.6600
960,Tb927.11.6620
961,Tb927.11.6630
962,Tb927.11.6640
963,Tb927.11.670
964,Tb927.11.6830
965,Tb927.11.6870
966,Tb927.11.7010
967,Tb927.11.7040
968,Tb927.11.7050
969,Tb927.11.710
970,Tb927.11.7140
971,Tb927.11.7170
972,Tb927.11.720
973,Tb927.11.7210
974,Tb927.11.7330
975,Tb927.11.7350
976,Tb927.11.7360
977,Tb927.11.7380
978,Tb927.11.7510
979,Tb927.11.7480
980,Tb927.11.7520
981,Tb927.11.7530
982,Tb927.11.7540
983,Tb927.11.7550
984,Tb927.11.7570
985,Tb927.11.7590
986,Tb927.11.760
987,Tb927.11.7620
988,Tb927.11.7685
989,Tb927.11.7740
990,Tb927.11.7710
991,Tb927.11.7750
992,Tb927.11.7800
993,Tb927.11.7840
994,Tb927.11.7890
995,Tb927.11.7900
996,Tb927.11.8030
997,Tb927.11.8050
998,Tb927.11.8090
999,Tb927.11.8120
1000,Tb927.11.8140
1001,Tb927.11.8180
1002,Tb927.11.8200
1003,Tb927.11.8220
1004,Tb927.11.8250
1005,Tb927.11.8260
1006,Tb927.11.8270
1007,Tb927.11.8290
1008,Tb927.11.8310
1009,Tb927.11.8320
1010,Tb927.11.8370
1011,Tb927.11.8380
1012,Tb927.11.840
1013,Tb927.11.8450
1014,Tb927.11.8470
1015,Tb927.11.850
1016,Tb927.11.8700
1017,Tb927.11.8770
1018,Tb927.11.8790
1019,Tb927.11.880
1020,Tb927.11.8800
1021,Tb927.11.8820
1022,Tb927.11.8850
1023,Tb927.11.8860
1024,Tb927.11.8880
1025,Tb927.11.8970
1026,Tb927.11.8990
1027,Tb927.11.900
1028,Tb927.11.9050
1029,Tb927.11.9060
1030,Tb927.11.9070
1031,Tb927.11.9090
1032,Tb927.11.9130
1033,Tb927.11.9180
1034,Tb927.11.9220
1035,Tb927.11.9360
1036,Tb927.11.9420
1037,Tb927.11.9450
1038,Tb927.11.9470
1039,Tb927.11.9510
1040,Tb927.11.9530
1041,Tb927.11.9550
1042,Tb927.11.9560
1043,Tb927.11.9590
1044,Tb927.11.9600
1045,Tb927.11.9610
1046,Tb927.11.9630
1047,Tb927.11.9640
1048,Tb927.11.9670
1049,Tb927.11.9690
1050,Tb927.11.970
1052,Tb927.11.9760
1053,Tb927.11.980
1054,Tb927.11.9860
1055,Tb927.11.9880
1056,Tb927.11.9910
1057,Tb927.11.9940
1058,Tb927.11.9950
1059,Tb927.11.9980
1060,Tb927.2.100
1061,Tb927.2.1140
1062,Tb927.2.1210
1063,Tb927.2.1680
1064,Tb927.2.1700
1065,Tb927.2.1920
1066,Tb927.2.2130
1067,Tb927.2.2160
1068,Tb927.2.2210
1069,Tb927.2.2220
1070,Tb927.2.2230
1071,Tb927.2.2400
1072,Tb927.2.2440
1073,Tb927.2.2470
1074,Tb927.2.2520
1075,Tb927.2.2530
1076,Tb927.2.270
1077,Tb927.2.2770
1078,Tb927.2.280
1079,Tb927.2.2940
1080,Tb927.2.2970
1081,Tb927.2.3030
1082,Tb927.2.3080
1083,Tb927.2.3160
1084,Tb927.2.3190
1085,Tb927.2.3270
1086,Tb927.2.3300
1087,Tb927.2.3320
1088,Tb927.2.3340
1089,Tb927.2.3370
1090,Tb927.2.340
1091,Tb927.2.3400
1092,Tb927.2.3440
1093,Tb927.2.3480
1094,Tb927.2.3580
1095,Tb927.2.3620
1096,Tb927.2.3800
1097,Tb927.2.3880
1098,Tb927.2.4060
1099,Tb927.2.4090
1100,Tb927.2.4110
1101,Tb927.2.4130
1102,Tb927.2.4210
1103,Tb927.2.4410
1104,Tb927.2.4445
1105,Tb927.2.450
1106,Tb927.2.4530
1107,Tb927.2.4580
1108,Tb927.2.4590
1109,Tb927.2.4650
1110,Tb927.2.470
1111,Tb927.2.4700
1112,Tb927.2.4710
1113,Tb927.2.4795
1114,Tb927.2.4830
1115,Tb927.2.4850
1116,Tb927.2.4930
1117,Tb927.2.5050
1118,Tb927.2.5060
1119,Tb927.2.5120
1120,Tb927.2.5160
1121,Tb927.2.5210
1122,Tb927.2.5240
1123,Tb927.2.5630
1124,Tb927.2.560
1125,Tb927.2.5660
1126,Tb927.2.5760
1127,Tb927.2.5800
1128,Tb927.2.5810
1129,Tb927.2.5850
1130,Tb927.2.5860
1131,Tb927.2.5870
1132,Tb927.2.6000
1133,Tb927.2.6050
1134,Tb927.2.6070
1135,Tb927.2.6150
1136,Tb927.2.6220
1137,Tb927.2.820
1138,Tb927.3.1010
1139,Tb927.3.1030
1140,Tb927.3.1080
1141,Tb927.3.1085
1142,Tb927.3.1120
1143,Tb927.3.1140
1144,Tb927.3.1150
1145,Tb927.3.1200
1146,Tb927.3.1240
1147,Tb927.3.1260
1148,Tb927.3.1300
1149,Tb927.3.1340
1150,Tb927.3.1380
1151,Tb927.3.1390
1152,Tb927.3.1590
1153,Tb927.3.1600
1154,Tb927.3.1610
1155,Tb927.3.1680
1156,Tb927.3.1720
1157,Tb927.3.1760
1158,Tb927.3.1780
1159,Tb927.3.1790
1160,Tb927.3.1810
1161,Tb927.3.1820
1162,Tb927.3.1840
1163,Tb927.3.1920
1164,Tb927.3.1930
1165,Tb927.3.1970
1166,Tb927.3.1980
1167,Tb927.3.2050
1168,Tb927.3.2110
1169,Tb927.3.2190
1170,Tb927.3.2200
1171,Tb927.3.2220
1172,Tb927.3.2230
1173,Tb927.3.2260
1174,Tb927.3.2300
1175,Tb927.3.2350
1176,Tb927.3.2420
1177,Tb927.3.2470
1178,Tb927.3.2610
1179,Tb927.3.2670
1180,Tb927.3.2680
1181,Tb927.3.2740
1182,Tb927.3.2800
1183,Tb927.3.2840
1184,Tb927.3.2850
1185,Tb927.3.2900
1186,Tb927.3.2960
1187,Tb927.3.2980
1188,Tb927.3.3030
1189,Tb927.3.3040
1190,Tb927.3.3060
1191,Tb927.3.3130
1192,Tb927.3.3140
1193,Tb927.3.3170
1194,Tb927.3.3180
1195,Tb927.3.3270
1196,Tb927.3.3320
1197,Tb927.3.3330
1198,Tb927.3.3410
1199,Tb927.3.3450
1200,Tb927.3.3460
1201,Tb927.3.3490
1202,Tb927.3.3520
1203,Tb927.3.3560
1204,Tb927.3.3580
1205,Tb927.3.3590
1206,Tb927.3.3610
1207,Tb927.3.3630
1208,Tb927.3.3670
1209,Tb927.3.3690
1210,Tb927.3.3720
1211,Tb927.3.3750
1212,Tb927.3.3780
1213,Tb927.3.3830
1214,Tb927.3.3900
1215,Tb927.3.3940
1216,Tb927.3.3950
1217,Tb927.3.4010
1218,Tb927.3.4040
1219,Tb927.3.4070
1220,Tb927.3.4100
1221,Tb927.3.4110
1222,Tb927.3.4120
1223,Tb927.3.4190
1224,Tb927.3.4200
1225,Tb927.3.4230
1226,Tb927.3.4240
1227,Tb927.3.4260
1228,Tb927.3.4270
1229,Tb927.3.4380
1230,Tb927.3.4390
1231,Tb927.3.4540
1232,Tb927.3.4630
1233,Tb927.3.4700
1234,Tb927.3.4790
1235,Tb927.3.4800
1236,Tb927.3.4820
1237,Tb927.3.4840
1238,Tb927.3.4890
1239,Tb927.3.5010
1240,Tb927.3.5040
1241,Tb927.3.5050
1242,Tb927.3.5090
1243,Tb927.3.5130
1244,Tb927.3.5150
1245,Tb927.3.5250
1246,Tb927.3.5280
1247,Tb927.3.5340
1248,Tb927.3.5350
1249,Tb927.3.5370
1250,Tb927.3.5420
1251,Tb927.3.5500
1252,Tb927.3.5520
1253,Tb927.3.5530
1254,Tb927.3.5540
1255,Tb927.3.5550
1256,Tb927.3.5570
1257,Tb927.3.5620
1258,Tb927.3.5630
1259,Tb927.3.5660
1260,Tb927.3.640
1261,Tb927.3.720
1262,Tb927.3.760
1263,Tb927.3.780
1264,Tb927.3.800
1265,Tb927.3.860
1266,Tb927.3.910
1267,Tb927.3.930
1268,Tb927.3.970
1269,Tb927.3.980
1270,Tb927.4.1040
1271,Tb927.4.1080
1272,Tb927.4.1090
1273,Tb927.4.1230
1274,Tb927.4.1270
1275,Tb927.4.1300
1276,Tb927.4.1340
1277,Tb927.4.1500
1278,Tb927.4.1510
1279,Tb927.4.1530
1280,Tb927.4.1540
1281,Tb927.4.1610
1282,Tb927.4.1650
1283,Tb927.4.1680
1284,Tb927.4.1730
1285,Tb927.4.1760
1286,Tb927.4.1800
1287,Tb927.4.1850
1288,Tb927.4.1860
1289,Tb927.4.1930
1290,Tb927.4.1950
1291,Tb927.4.1970
1292,Tb927.4.2000
1293,Tb927.4.2030
1294,Tb927.4.2040
1295,Tb927.4.2070
1296,Tb927.4.2110
1297,Tb927.4.2130
1298,Tb927.4.2170
1299,Tb927.4.2180
1300,Tb927.4.2210
1301,Tb927.4.2240
1302,Tb927.4.2260
1303,Tb927.4.2290
1304,Tb927.4.2450
1305,Tb927.4.2530
1306,Tb927.4.2700
1307,Tb927.4.2740
1308,Tb927.4.2750
1309,Tb927.4.2760
1310,Tb927.4.2790
1311,Tb927.4.2850
1312,Tb927.4.2890
1313,Tb927.4.2930
1314,Tb927.4.3040
1315,Tb927.4.3060
1316,Tb927.4.3070
1317,Tb927.4.3150
1318,Tb927.4.320
1319,Tb927.4.330
1320,Tb927.4.3300
1321,Tb927.4.3330
1322,Tb927.4.3350
1323,Tb927.4.3420
1324,Tb927.4.3430
1325,Tb927.4.3480
1326,Tb927.4.3540
1327,Tb927.5.1610
1328,Tb927.4.3590
1329,Tb927.4.360
1330,Tb927.4.3660
1331,Tb927.4.3680
1332,Tb927.4.3740
1333,Tb927.4.3760
1334,Tb927.4.3810
1335,Tb927.4.3850
1336,Tb927.4.3890
1338,Tb927.4.3970
1339,Tb927.4.4040
1340,Tb927.8.8190
1341,Tb927.4.4160
1342,Tb927.4.4210
1343,Tb927.4.4280
1344,Tb927.4.4270
1345,Tb927.4.4310
1346,Tb927.4.4320
1347,Tb927.4.4360
1348,Tb927.8.7980
1349,Tb927.4.4430
1351,Tb927.4.4460
1352,Tb927.4.4470
1353,Tb927.4.4490
1354,Tb927.4.450
1355,Tb927.4.4510
1356,Tb927.4.4540
1357,Tb927.4.4550
1358,Tb927.4.4570
1359,Tb927.4.4580
1360,Tb927.4.4650
1361,Tb927.4.4790
1362,Tb927.4.4850
1363,Tb927.4.4880
1364,Tb927.8.7470
1365,Tb927.8.7450
1366,Tb927.8.7420
1367,Tb927.8.7410
1368,Tb927.4.5040
1369,Tb927.4.5050
1370,Tb927.4.5130
1371,Tb927.4.5160
1372,Tb927.8.6990
1373,Tb927.4.540
1374,Tb927.4.600
1375,Tb927.4.750
1376,Tb927.4.810
1378,Tb927.4.840
1379,Tb927.4.850
1380,Tb927.4.860
1381,Tb927.4.890
1382,Tb927.4.920
1383,Tb927.5.1030
1384,Tb927.5.1080
1385,Tb927.5.1090
1386,Tb927.5.1100
1387,Tb927.5.1130
1388,Tb927.5.1160
1389,Tb927.5.1200
1390,Tb927.5.1210
1391,Tb927.5.1260
1392,Tb927.5.1300
1393,Tb927.5.1320
1394,Tb927.5.1390
1395,Tb927.5.1410
1396,Tb927.5.1430
1397,Tb927.5.1520
1398,Tb927.5.1580
1399,Tb927.5.1630
1400,Tb927.5.1660
1401,Tb927.5.1670
1402,Tb927.5.1700
1403,Tb927.5.1710
1404,Tb927.5.1730
1405,Tb927.5.1780
1406,Tb927.5.1810
1407,Tb927.5.1820
1408,Tb927.5.1880
1409,Tb927.5.1930
1410,Tb927.5.1990
1411,Tb927.5.2000
1412,Tb927.5.2060
1413,Tb927.5.2080
1414,Tb927.5.2130
1415,Tb927.5.2140
1416,Tb927.5.2250
1417,Tb927.5.2290
1418,Tb927.5.2325
1419,Tb927.5.2380
1420,Tb927.5.2390
1421,Tb927.5.2430
1422,Tb927.5.2450
1423,Tb927.5.2570
1424,Tb927.5.2620
1425,Tb927.5.2690
1426,Tb927.5.2770
1427,Tb927.5.2780
1428,Tb927.5.2830
1429,Tb927.5.2930
1430,Tb927.5.2940
1431,Tb927.5.2970
1432,Tb927.5.3020
1433,Tb927.5.3090
1434,Tb927.5.310
1435,Tb927.5.3120
1436,Tb927.5.3200
1437,Tb927.5.3340
1438,Tb927.5.3350
1439,Tb927.5.3390
1440,Tb927.5.3400
1441,Tb927.5.3430
1442,Tb927.5.3560
1443,Tb927.5.3610
1444,Tb927.5.3670
1445,Tb927.5.3800
1446,Tb927.5.3810
1447,Tb927.5.3910
1448,Tb927.5.4010
1449,Tb927.5.4060
1450,Tb927.5.4260
1451,Tb927.5.420
1452,Tb927.5.4290
1453,Tb927.5.4330
1454,Tb927.5.4610
1455,Tb927.5.510
1456,Tb927.5.520
1457,Tb927.5.530
1458,Tb927.5.550
1459,Tb927.5.580
1460,Tb927.5.610
1461,Tb927.5.630
1462,Tb927.5.640
1463,Tb927.5.690
1464,Tb927.5.760
1465,Tb927.5.780
1466,Tb927.5.800
1467,Tb927.5.840
1468,Tb927.5.890
1469,Tb927.5.910
1470,Tb927.5.940
1471,Tb927.5.950
1472,Tb927.5.980
1473,Tb927.6.990
1474,Tb927.6.1040
1475,Tb927.6.1080
1476,Tb927.6.1090
1477,Tb927.6.1170
1478,Tb927.6.1180
1479,Tb927.6.1440
1480,Tb927.6.1500
1481,Tb927.6.1520
1482,Tb927.6.1540
1483,Tb927.6.1570
1484,Tb927.6.1590
1485,Tb927.6.1650
1486,Tb927.6.1730
1487,Tb927.6.1800
1488,Tb927.6.1830
1489,Tb927.6.1850
1490,Tb927.6.1860
1491,Tb927.6.1920
1492,Tb927.6.1960
1493,Tb927.6.1970
1494,Tb927.6.1980
1495,Tb927.6.1990
1496,Tb927.6.2010
1497,Tb927.6.2050
1498,Tb927.6.2090
1499,Tb927.6.2140
1500,Tb927.6.2150
1501,Tb927.6.2170
1502,Tb927.6.2200
1503,Tb927.6.2230
1504,Tb927.6.2340
1505,Tb927.6.2360
1506,Tb927.6.2380
1507,Tb927.6.2420
1508,Tb927.6.2440
1509,Tb927.6.2490
1510,Tb927.6.2510
1511,Tb927.6.2550
1512,Tb927.6.2690
1513,Tb927.6.2700
1514,Tb927.6.2780
1515,Tb927.6.2790
1516,Tb927.6.2840
1517,Tb927.6.2860
1518,Tb927.6.2980
1519,Tb927.6.3010
1520,Tb927.6.3020
1521,Tb927.6.3050
1522,Tb927.6.3100
1523,Tb927.6.3120
1525,Tb927.6.3260
1526,Tb927.6.350
1527,Tb927.6.3500
1528,Tb927.6.3520
1529,Tb927.6.3540
1530,Tb927.6.3550
1531,Tb927.6.3600
1532,Tb927.6.3640
1533,Tb927.6.3650
1534,Tb927.6.3690
1535,Tb927.6.3800
1536,Tb927.6.3780
1537,Tb927.6.3840
1538,Tb927.6.3860
1539,Tb927.6.3870
1540,Tb927.6.3890
1541,Tb927.6.3940
1542,Tb927.6.3960
1543,Tb927.6.4000
1544,Tb927.6.4020
1545,Tb927.6.4070
1546,Tb927.6.410
1547,Tb927.6.4130
1548,Tb927.6.4140
1549,Tb927.6.4180
1550,Tb927.6.4200
1551,Tb927.6.4210
1552,Tb927.6.4250
1553,Tb927.6.4260
1554,Tb927.6.4300
1555,Tb927.6.4340
1556,Tb927.6.4370
1557,Tb927.6.4390
1558,Tb927.6.440
1559,Tb927.6.4460
1560,Tb927.6.4440
1561,Tb927.6.4500
1562,Tb927.6.4520
1563,Tb927.6.4540
1564,Tb927.6.4550
1565,Tb927.6.4650
1566,Tb927.6.4660
1567,Tb927.6.4670
1568,Tb927.6.4770
1569,Tb927.6.4820
1570,Tb927.6.4920
1571,Tb927.6.4950
1572,Tb927.6.4970
1573,Tb927.6.4990
1574,Tb927.6.5010
1575,Tb927.9.15190
1576,Tb927.6.5050
1577,Tb927.6.5070
1578,Tb927.6.5130
1579,Tb927.6.5490
1580,Tb927.6.560
1581,Tb927.6.640
1582,Tb927.6.740
1584,Tb927.6.820
1585,Tb927.6.840
1586,Tb927.6.850
1587,Tb927.6.940
1588,Tb927.6.950
1589,Tb927.7.1050
1590,Tb927.7.1100
1591,Tb927.7.1130
1592,Tb927.7.1172
1593,Tb927.7.1220
1594,Tb927.7.1280
1595,Tb927.7.1300
1596,Tb927.7.1340
1597,Tb927.7.1480
1598,Tb927.7.1490
1599,Tb927.7.1630
1600,Tb927.7.1670
1601,Tb927.7.170
1602,Tb927.7.1750
1603,Tb927.7.180
1604,Tb927.7.1870
1605,Tb927.7.190
1606,Tb927.7.1910
1607,Tb927.7.1920
1608,Tb927.7.1930
1609,Tb927.7.2070
1610,Tb927.7.210
1611,Tb927.7.2120
1612,Tb927.7.2190
1613,Tb927.7.2200
1614,Tb927.7.2250
1615,Tb927.7.240
1616,Tb927.7.2330
1617,Tb927.7.2370
1618,Tb927.7.2410
1619,Tb927.7.2420
1620,Tb927.7.2470
1621,Tb927.7.2540
1622,Tb927.7.2550
1623,Tb927.7.2560
1624,Tb927.7.2650
1625,Tb927.7.2660
1626,Tb927.7.2670
1627,Tb927.7.270
1628,Tb927.7.2700
1629,Tb927.7.2710
1630,Tb927.7.2780
1631,Tb927.7.280
1632,Tb927.7.2810
1633,Tb927.7.2940
1634,Tb927.7.3020
1635,Tb927.7.300
1636,Tb927.7.3050
1637,Tb927.7.3060
1638,Tb927.7.3080
1639,Tb927.7.3110
1640,Tb927.7.3120
1641,Tb927.7.3140
1642,Tb927.7.3160
1643,Tb927.7.320
1644,Tb927.7.3260
1645,Tb927.7.3290
1646,Tb927.7.3330
1647,Tb927.7.3350
1648,Tb927.7.3410
1649,Tb927.7.3430
1650,Tb927.7.3450
1651,Tb927.7.3470
1652,Tb927.7.3500
1653,Tb927.7.3540
1654,Tb927.7.3550
1655,Tb927.7.3630
1656,Tb927.7.3640
1657,Tb927.7.3730
1658,Tb927.7.3750
1659,Tb927.7.3770
1660,Tb927.7.3810
1661,Tb927.7.3820
1662,Tb927.7.3880
1663,Tb927.7.3890
1664,Tb927.7.3970
1665,Tb927.7.4020
1666,Tb927.7.4030
1667,Tb927.7.4060
1668,Tb927.7.4180
1669,Tb927.7.4190
1670,Tb927.7.4200
1671,Tb927.7.4220
1672,Tb927.7.4230
1673,Tb927.7.4260
1674,Tb927.7.4420
1675,Tb927.7.4440
1676,Tb927.7.460
1677,Tb927.7.4630
1678,Tb927.7.470
1679,Tb927.7.510
1680,Tb927.7.5110
1681,Tb927.7.5160
1682,Tb927.7.5180
1683,Tb927.7.5210
1684,Tb927.7.5230
1685,Tb927.7.5250
1686,Tb927.7.5290
1687,Tb927.7.5340
1688,Tb927.7.5450
1689,Tb927.7.5460
1690,Tb927.7.5480
1691,Tb927.7.5520
1692,Tb927.7.5560
1693,Tb927.7.5680
1694,Tb927.7.5750
1695,Tb927.7.5760
1696,Tb927.7.5790
1697,Tb927.7.5840
1698,Tb927.7.5890
1699,Tb927.7.5900
1700,Tb927.7.5930
1701,Tb927.7.5950
1702,Tb927.7.6070
1703,Tb927.7.6050
1704,Tb927.7.6060
1705,Tb927.7.6090
1706,Tb927.7.6180
1707,Tb927.7.6190
1708,Tb927.7.6230
1709,Tb927.7.6320
1710,Tb927.7.6340
1711,Tb927.7.6350
1712,Tb927.7.640
1713,Tb927.7.6420
1714,Tb927.7.6440
1715,Tb927.7.6460
1716,Tb927.7.6490
1717,Tb927.7.6570
1718,Tb927.7.660
1719,Tb927.7.6600
1720,Tb927.7.6610
1721,Tb927.7.6650
1722,Tb927.7.6820
1723,Tb927.7.6890
1724,Tb927.7.6930
1725,Tb927.7.6980
1726,Tb927.7.700
1727,Tb927.7.7030
1728,Tb927.7.7050
1729,Tb927.7.7080
1730,Tb927.7.710
1731,Tb927.7.7170
1732,Tb927.7.7320
1733,Tb927.7.7330
1734,Tb927.7.7410
1735,Tb927.7.7430
1736,Tb927.7.7460
1737,Tb927.7.7530
1738,Tb927.7.830
1739,Tb927.7.840
1740,Tb927.7.880
1741,Tb927.7.900
1742,Tb927.7.930
1743,Tb927.7.940
1744,Tb927.7.990
1745,Tb927.8.1090
1746,Tb927.8.1120
1747,Tb927.8.1160
1748,Tb927.8.1180
1749,Tb927.8.1200
1750,Tb927.8.1210
1751,Tb927.8.1310
1752,Tb927.8.1320
1753,Tb927.8.1340
1754,Tb927.8.1440
1755,Tb927.8.1500
1756,Tb927.8.1510
1757,Tb927.8.1570
1758,Tb927.8.1580
1759,Tb927.8.1770
1760,Tb927.8.1790
1761,Tb927.8.1810
1762,Tb927.8.1840
1763,Tb927.8.1860
1764,Tb927.8.1870
1765,Tb927.8.1930
1766,Tb927.8.1940
1767,Tb927.8.1945
1768,Tb927.8.1950
1769,Tb927.8.1990
1770,Tb927.8.2000
1771,Tb927.8.2020
1772,Tb927.8.2030
1773,Tb927.8.2040
1774,Tb927.8.2070
1775,Tb927.8.2080
1776,Tb927.8.2100
1777,Tb927.8.2180
1778,Tb927.8.2200
1779,Tb927.8.2210
1780,Tb927.8.2250
1781,Tb927.8.2280
1782,Tb927.8.2290
1783,Tb927.8.2380
1784,Tb927.8.2460
1785,Tb927.8.2540
1786,Tb927.8.2640
1787,Tb927.8.2650
1788,Tb927.8.2740
1789,Tb927.8.2780
1790,Tb927.8.2820
1791,Tb927.8.2830
1792,Tb927.8.2860
1793,Tb927.8.2910
1794,Tb927.8.2920
1795,Tb927.8.2970
1796,Tb927.8.3020
1797,Tb927.8.3100
1798,Tb927.8.3150
1799,Tb927.8.3210
1800,Tb927.8.3250
1801,Tb927.8.3260
1802,Tb927.8.3380
1803,Tb927.8.3410
1804,Tb927.8.3450
1805,Tb927.8.3470
1806,Tb927.8.3530
1807,Tb927.8.3630
1808,Tb927.8.3660
1809,Tb927.8.3690
1810,Tb927.8.3710
1811,Tb927.8.3750
1812,Tb927.8.3770
1813,Tb927.8.3790
1814,Tb927.8.3800
1815,Tb927.8.3810
1816,Tb927.8.3820
1817,Tb927.8.3860
1818,Tb927.8.3890
1819,Tb927.8.390
1820,Tb927.8.4110
1821,Tb927.8.4150
1822,Tb927.8.4200
1823,Tb927.8.4330
1824,Tb927.8.4340
1825,Tb927.8.4360
1826,Tb927.8.4380
1827,Tb927.8.4430
1828,Tb927.8.4440
1829,Tb927.8.4520
1830,Tb927.8.4540
1831,Tb927.8.4570
1832,Tb927.8.4580
1833,Tb927.8.4590
1834,Tb927.8.4600
1835,Tb927.8.4610
1836,Tb927.8.4620
1837,Tb927.8.4690
1838,Tb927.8.4770
1839,Tb927.8.4780
1840,Tb927.8.4800
1841,Tb927.8.4810
1842,Tb927.8.4890
1843,Tb927.8.4910
1844,Tb927.8.4930
1845,Tb927.8.4940
1846,Tb927.8.5030
1847,Tb927.8.5050
1848,Tb927.8.5060
1849,Tb927.8.5080
1850,Tb927.8.5140
1851,Tb927.8.5180
1852,Tb927.8.5240
1853,Tb927.8.5250
1854,Tb927.8.5280
1855,Tb927.8.5290
1856,Tb927.8.5330
1857,Tb927.8.5380
1858,Tb927.8.5400
1859,Tb927.8.5450
1860,Tb927.8.5460
1861,Tb927.8.5510
1862,Tb927.8.5560
1863,Tb927.8.5570
1864,Tb927.8.5580
1865,Tb927.8.5640
1866,Tb927.8.570
1867,Tb927.8.5740
1868,Tb927.8.5760
1869,Tb927.8.5780
1870,Tb927.8.590
1871,Tb927.8.5900
1872,Tb927.8.5940
1873,Tb927.8.5990
1874,Tb927.9.14000
1875,Tb927.8.6050
1876,Tb927.8.6060
1877,Tb927.8.6080
1878,Tb927.8.6110
1879,Tb927.8.6160
1880,Tb927.9.14370
1881,Tb927.8.6210
1882,Tb927.8.6240
1883,Tb927.8.6250
1884,Tb927.8.6310
1885,Tb927.8.6360
1886,Tb927.8.6390
1887,Tb927.8.6440
1888,Tb927.8.6450
1889,Tb927.8.6460
1890,Tb927.8.6580
1891,Tb927.8.6590
1892,Tb927.8.6630
1893,Tb927.8.6660
1894,Tb927.8.6680
1895,Tb927.8.670
1896,Tb927.8.6720
1897,Tb927.8.6730
1898,Tb927.8.6770
1899,Tb927.8.6820
1900,Tb927.8.6850
1901,Tb927.8.6890
1902,Tb927.8.690
1903,Tb927.8.6900
1904,Tb927.8.6910
1905,Tb927.8.6980
1906,Tb927.8.7010
1907,Tb927.8.7020
1908,Tb927.8.7040
1909,Tb927.8.7230
1910,Tb927.8.7260
1911,Tb927.8.7270
1912,Tb927.8.7390
1913,Tb927.8.7400
1914,Tb927.8.7440
1915,Tb927.8.7460
1916,Tb927.8.750
1917,Tb927.8.7550
1918,Tb927.8.7580
1919,Tb927.8.760
1920,Tb927.8.7610
1921,Tb927.8.7630
1922,Tb927.8.7650
1923,Tb927.8.7720
1924,Tb927.8.7760
1925,Tb927.8.7780
1926,Tb927.8.7790
1927,Tb927.8.7820
1928,Tb927.8.7940
1929,Tb927.8.7970
1930,Tb927.8.7990
1931,Tb927.8.8020
1932,Tb927.8.8030
1933,Tb927.8.8050
1934,Tb927.8.8100
1935,Tb927.8.8120
1936,Tb927.8.8140
1937,Tb927.8.8150
1938,Tb927.8.8170
1939,Tb927.8.8180
1940,Tb927.8.820
1941,Tb927.8.8230
1942,Tb927.8.8260
1943,Tb927.8.8280
1944,Tb927.8.8330
1945,Tb927.8.880
1946,Tb927.8.890
1947,Tb927.8.900
1948,Tb927.8.910
1949,Tb927.8.920
1950,Tb927.8.990
1951,Tb927.9.10070
1952,Tb927.9.10100
1953,Tb927.9.10160
1954,Tb927.9.10310
1955,Tb927.9.10350
1956,Tb927.9.10470
1957,Tb927.9.10500
1958,Tb927.9.10560
1959,Tb927.9.10570
1960,Tb927.9.10580
1961,Tb927.9.10640
1962,Tb927.9.10650
1963,Tb927.9.10690
1964,Tb927.9.10770
1965,Tb927.9.10880
1966,Tb927.9.10970
1967,Tb927.9.11000
1968,Tb927.9.11050
1969,Tb927.9.11110
1970,Tb927.9.11230
1971,Tb927.9.11260
1972,Tb927.9.11270
1973,Tb927.9.11410
1974,Tb927.9.11480
1975,Tb927.9.11540
1976,Tb927.9.11580
1977,Tb927.9.11600
1978,Tb927.9.11720
1979,Tb927.9.11740
1980,Tb927.9.11800
1981,Tb927.9.11840
1982,Tb927.9.11850
1983,Tb927.9.11910
1984,Tb927.9.12000
1985,Tb927.9.12040
1986,Tb927.9.12070
1987,Tb927.9.12150
1988,Tb927.9.12170
1989,Tb927.9.12300
1990,Tb927.9.12360
1991,Tb927.9.12380
1992,Tb927.9.12500
1993,Tb927.9.12510
1994,Tb927.9.12630
1995,Tb927.9.12650
1996,Tb927.9.12700
1997,Tb927.9.12710
1998,Tb927.9.12730
1999,Tb927.9.12820
2000,Tb927.9.12830
2001,Tb927.9.12880
2002,Tb927.9.12890
2003,Tb927.9.12900
2004,Tb927.9.12960
2005,Tb927.9.12980
2006,Tb927.9.13030
2007,Tb927.9.13040
2008,Tb927.9.13225
2009,Tb927.9.13280
2010,Tb927.9.13440
2011,Tb927.9.1350
2012,Tb927.9.13530
2013,Tb927.9.13610
2014,Tb927.9.13740
2015,Tb927.9.13920
2016,Tb927.9.1380
2017,Tb927.9.13970
2018,Tb927.9.13990
2019,Tb927.9.14030
2020,Tb927.9.14080
2021,Tb927.9.14220
2022,Tb927.9.14230
2023,Tb927.9.14430
2024,Tb927.9.14480
2025,Tb927.9.15060
2026,Tb927.9.15090
2027,Tb927.9.15170
2028,Tb927.9.15360
2029,Tb927.9.15460
2030,Tb927.9.15490
2031,Tb927.9.15810
2032,Tb927.9.1590
2033,Tb927.9.1780
2034,Tb927.9.1850
2035,Tb927.9.1970
2036,Tb927.9.2050
2037,Tb927.9.2120
2038,Tb927.9.2130
2039,Tb927.9.2260
2040,Tb927.9.2390
2041,Tb927.9.2400
2042,Tb927.9.2450
2043,Tb927.9.2470
2044,Tb927.9.2520
2045,Tb927.9.2650
2046,Tb927.9.2730
2047,Tb927.9.2760
2048,Tb927.9.3000
2049,Tb927.9.3290
2050,Tb927.9.3390
2051,Tb927.9.3400
2052,Tb927.9.3620
2053,Tb927.9.3760
2054,Tb927.9.3820
2055,Tb927.9.3990
2056,Tb927.9.4080
2057,Tb927.9.4190
2058,Tb927.9.4210
2059,Tb927.9.4290
2060,Tb927.9.4310
2061,Tb927.9.4500
2062,Tb927.9.4520
2063,Tb927.9.4680
2064,Tb927.9.4940
2065,Tb927.9.5100
2066,Tb927.9.5150
2067,Tb927.9.5190
2068,Tb927.9.5210
2069,Tb927.9.5320
2070,Tb927.9.5460
2071,Tb927.9.5490
2072,Tb927.9.5520
2073,Tb927.9.5680
2074,Tb927.9.5690
2075,Tb927.9.5730
2076,Tb927.9.5860
2077,Tb927.9.5890
2078,Tb927.9.5900
2079,Tb927.9.6060
2080,Tb927.9.6090
2081,Tb927.9.6130
2082,Tb927.9.6210
2083,Tb927.9.6250
2084,Tb927.9.6290
2085,Tb927.9.6310
2086,Tb927.9.6350
2087,Tb927.9.6370
2088,Tb927.9.6560
2089,Tb927.9.6920
2090,Tb927.9.7080
2091,Tb927.9.7110
2092,Tb927.9.7160
2093,Tb927.9.7210
2094,Tb927.9.7230
2095,Tb927.9.7430
2096,Tb927.9.7520
2097,Tb927.9.7550
2098,Tb927.9.7620
2099,Tb927.9.7650
2100,Tb927.9.7670
2101,Tb927.9.7690
2102,Tb927.9.7700
2103,Tb927.9.7760
2104,Tb927.9.7770
2105,Tb927.9.8000
2106,Tb927.9.8420
2107,Tb927.9.8160
2108,Tb927.9.8180
2109,Tb927.9.8190
2110,Tb927.9.8210
2111,Tb927.9.8260
2112,Tb927.9.8410
2113,Tb927.9.8450
2114,Tb927.9.8570
2115,Tb927.9.8650
2116,Tb927.9.8680
2117,Tb927.9.8720
2118,Tb927.9.8740
2119,Tb927.9.8815
2120,Tb927.9.8820
2121,Tb927.9.8880
2122,Tb927.9.8950
2123,Tb927.9.8990
2124,Tb927.9.9060
2125,Tb927.9.9090
2126,Tb927.9.9290
2127,Tb927.9.9380
2128,Tb927.9.9410
2129,Tb927.9.9450
2130,Tb927.9.9520
2131,Tb927.9.9550
2132,Tb927.9.9580
2133,Tb927.9.9630
2134,Tb927.9.9660
2135,Tb927.9.9710
2137,Tb927.9.9750
2138,Tb927.9.9780
2139,Tb927.9.9810
2140,Tb927.9.9840
2141,Tb927.9.9860
2142,Tb927.9.9870
2143,Tb927.9.9960
2144,Tb927.9.9970
